<?xml version="1.0" encoding="UTF-8"?>
<ruleset name="pmd">
  <description>Sonar Profile: pmd</description>
  <rule ref="category/java/codestyle.xml/MDBAndSessionBeanNamingConvention">
    <priority>3</priority>
  </rule>
  <rule ref="category/java/multithreading.xml/DoubleCheckedLocking">
    <priority>3</priority>
  </rule>
  <rule ref="category/java/codestyle.xml/RemoteSessionInterfaceNamingConvention">
    <priority>3</priority>
  </rule>
  <rule ref="category/java/errorprone.xml/MissingStaticMethodInNonInstantiatableClass">
    <priority>3</priority>
  </rule>
  <rule ref="category/java/performance.xml/ByteInstantiation">
    <priority>3</priority>
  </rule>
  <rule ref="category/java/performance.xml/UseStringBufferLength">
    <priority>4</priority>
  </rule>
  <rule ref="category/java/errorprone.xml/BadComparison">
    <priority>3</priority>
  </rule>
  <rule ref="category/java/documentation.xml/CommentSize">
    <priority>4</priority>
    <properties>
      <property name="maxLineLength" value="120" />
      <property name="maxLines" value="15" />
    </properties>
  </rule>
  <rule ref="category/java/errorprone.xml/CallSuperFirst">
    <priority>3</priority>
  </rule>
  <rule ref="category/java/errorprone.xml/UseLocaleWithCaseConversions">
    <priority>3</priority>
  </rule>
  <rule ref="category/java/errorprone.xml/StaticEJBFieldShouldBeFinal">
    <priority>3</priority>
  </rule>
  <rule ref="category/java/design.xml/NPathComplexity">
    <priority>3</priority>
    <properties>
      <property name="minimum" value="200" />
    </properties>
  </rule>
  <rule ref="category/java/codestyle.xml/RemoteInterfaceNamingConvention">
    <priority>3</priority>
  </rule>
  <rule ref="category/java/performance.xml/IntegerInstantiation">
    <priority>3</priority>
  </rule>
  <rule ref="category/java/performance.xml/AvoidInstantiatingObjectsInLoops">
    <priority>4</priority>
  </rule>
  <rule ref="category/java/errorprone.xml/DontUseFloatTypeForLoopIndices">
    <priority>3</priority>
  </rule>
  <rule ref="category/java/codestyle.xml/LocalInterfaceSessionNamingConvention">
    <priority>3</priority>
  </rule>
  <rule ref="category/java/codestyle.xml/UnnecessaryModifier">
    <priority>5</priority>
  </rule>
  <rule ref="category/java/bestpractices.xml/GuardLogStatement">
    <priority>3</priority>
  </rule>
  <rule ref="category/java/errorprone.xml/AvoidBranchingStatementAsLastInLoop">
    <priority>3</priority>
  </rule>
  <rule ref="category/java/performance.xml/StringInstantiation">
    <priority>3</priority>
  </rule>
  <rule ref="category/java/performance.xml/UseStringBufferForStringAppends">
    <priority>3</priority>
  </rule>
  <rule ref="category/java/performance.xml/ShortInstantiation">
    <priority>3</priority>
  </rule>
  <rule ref="category/java/errorprone.xml/SuspiciousOctalEscape">
    <priority>3</priority>
  </rule>
  <rule ref="category/java/codestyle.xml/LocalHomeNamingConvention">
    <priority>3</priority>
  </rule>
  <rule ref="category/java/errorprone.xml/AssignmentToNonFinalStatic">
    <priority>3</priority>
  </rule>
  <rule ref="category/java/codestyle.xml/UselessQualifiedThis">
    <priority>3</priority>
  </rule>
  <rule ref="category/java/errorprone.xml/CallSuperLast">
    <priority>3</priority>
  </rule>
  <rule ref="category/java/performance.xml/OptimizableToArrayCall">
    <priority>3</priority>
  </rule>
  <rule ref="category/java/errorprone.xml/UnusedNullCheckInEquals">
    <priority>3</priority>
  </rule>
  <rule ref="category/java/multithreading.xml/UseConcurrentHashMap">
    <priority>3</priority>
  </rule>
  <rule ref="category/java/errorprone.xml/ClassCastExceptionWithToArray">
    <priority>3</priority>
  </rule>
  <rule ref="category/java/codestyle.xml/EmptyMethodInAbstractClassShouldBeAbstract">
    <priority>3</priority>
  </rule>
  <rule ref="category/java/design.xml/ImmutableField">
    <priority>3</priority>
  </rule>
  <rule ref="category/java/performance.xml/SimplifyStartsWith">
    <priority>4</priority>
  </rule>
  <rule ref="category/java/performance.xml/InefficientEmptyStringCheck">
    <priority>3</priority>
  </rule>
  <rule ref="category/java/multithreading.xml/AvoidThreadGroup">
    <priority>2</priority>
  </rule>
  <rule ref="category/java/performance.xml/AppendCharacterWithChar">
    <priority>4</priority>
  </rule>
  <rule ref="category/java/performance.xml/LongInstantiation">
    <priority>3</priority>
  </rule>
  <rule ref="category/java/errorprone.xml/UselessOperationOnImmutable">
    <priority>2</priority>
  </rule>
  <rule ref="category/java/design.xml/SimplifyConditional">
    <priority>3</priority>
  </rule>
  <rule ref="category/java/bestpractices.xml/GuardLogStatement">
    <priority>3</priority>
  </rule>
  <rule ref="category/java/performance.xml/BooleanInstantiation">
    <priority>3</priority>
  </rule>
  <rule ref="category/java/codestyle.xml/AvoidUsingNativeCode">
    <priority>3</priority>
  </rule>
  <rule ref="category/java/performance.xml/AvoidArrayLoops">
    <priority>3</priority>
  </rule>
  <rule ref="category/java/performance.xml/ConsecutiveLiteralAppends">
    <priority>4</priority>
    <properties>
      <property name="threshold" value="1" />
    </properties>
  </rule>
  <rule ref="category/java/errorprone.xml/SingletonClassReturningNewInstance">
    <priority>3</priority>
  </rule>
  <rule ref="category/java/errorprone.xml/SingleMethodSingleton">
    <priority>2</priority>
  </rule>
  <rule ref="category/java/bestpractices.xml/GuardLogStatement">
    <priority>3</priority>
  </rule>
  <rule ref="category/java/documentation.xml/CommentContent">
    <priority>4</priority>
  </rule>
  <rule ref="category/java/errorprone.xml/NullAssignment">
    <priority>3</priority>
  </rule>
  <rule ref="category/java/performance.xml/AvoidUsingShortType">
    <priority>3</priority>
  </rule>
  <rule ref="category/java/multithreading.xml/DoNotUseThreads">
    <priority>3</priority>
  </rule>
  <rule ref="category/java/errorprone.xml/AvoidAccessibilityAlteration">
    <priority>3</priority>
  </rule>
  <rule ref="category/java/errorprone.xml/SimpleDateFormatNeedsLocale">
    <priority>3</priority>
  </rule>
  <rule ref="category/java/codestyle.xml/LocalVariableCouldBeFinal">
    <priority>4</priority>
  </rule>
  <rule ref="category/java/design.xml/SingularField">
    <priority>4</priority>
  </rule>
  <rule ref="category/java/performance.xml/UseIndexOfChar">
    <priority>3</priority>
  </rule>
  <rule ref="category/java/codestyle.xml/DefaultPackage">
    <priority>4</priority>
  </rule>
  <rule ref="category/java/multithreading.xml/AvoidUsingVolatile">
    <priority>3</priority>
  </rule>
  <rule ref="category/java/design.xml/SimplifiedTernary">
    <priority>3</priority>
  </rule>
  <rule ref="category/java/bestpractices.xml/UseVarargs">
    <priority>3</priority>
  </rule>
  <rule ref="category/java/errorprone.xml/DoNotHardCodeSDCard">
    <priority>3</priority>
  </rule>
  <rule ref="category/java/performance.xml/InefficientStringBuffering">
    <priority>3</priority>
  </rule>
  <rule ref="category/java/bestpractices.xml/AccessorClassGeneration">
    <priority>3</priority>
  </rule>
  <rule ref="category/java/design.xml/TooManyFields">
    <priority>3</priority>
    <properties>
      <property name="maxfields" value="15" />
    </properties>
  </rule>
  <rule ref="category/java/bestpractices.xml/CheckResultSet">
    <priority>3</priority>
  </rule>
  <rule ref="category/java/multithreading.xml/AvoidSynchronizedAtMethodLevel">
    <priority>3</priority>
  </rule>
  <rule ref="category/java/codestyle.xml/UnnecessaryReturn">
    <priority>4</priority>
  </rule>
  <rule ref="category/java/codestyle.xml/BooleanGetMethodName">
    <priority>3</priority>
    <properties>
      <property name="checkParameterizedMethods" value="false" />
    </properties>
  </rule>
  <rule ref="category/java/performance.xml/BigIntegerInstantiation">
    <priority>3</priority>
  </rule>
  <rule ref="category/java/design.xml/GodClass">
    <priority>3</priority>
  </rule>
  <rule ref="category/java/performance.xml/RedundantFieldInitializer">
    <priority>3</priority>
  </rule>
  <rule ref="category/java/errorprone.xml/CloneMethodMustBePublic">
    <priority>3</priority>
  </rule>
  <rule ref="category/java/errorprone.xml/UseProperClassLoader">
    <priority>2</priority>
  </rule>
  <rule ref="category/java/codestyle.xml/UnnecessaryModifier">
    <priority>5</priority>
  </rule>
  <rule ref="category/java/performance.xml/InsufficientStringBufferDeclaration">
    <priority>3</priority>
  </rule>
  <rule ref="category/java/documentation.xml/CommentRequired">
    <priority>4</priority>
    <properties>
      <property name="headerCommentRequirement" value="Required" />
      <property name="fieldCommentRequirement" value="Ignored" />
      <property name="protectedMethodCommentRequirement" value="Required" />
      <property name="publicMethodCommentRequirement" value="Required" />
      <property name="enumCommentRequirement" value="Required" />
    </properties>
  </rule>
  <rule ref="category/java/codestyle.xml/ConfusingTernary">
    <priority>3</priority>
  </rule>
  <rule ref="category/java/errorprone.xml/CloneMethodReturnTypeMustMatchClassName">
    <priority>3</priority>
  </rule>
  <rule ref="category/java/performance.xml/UseArraysAsList">
    <priority>3</priority>
  </rule>
  <rule ref="category/java/performance.xml/ConsecutiveAppendsShouldReuse">
    <priority>3</priority>
  </rule>
  <rule ref="category/java/codestyle.xml/TooManyStaticImports">
    <priority>3</priority>
    <properties>
      <property name="maximumStaticImports" value="4" />
    </properties>
  </rule>
  <rule ref="category/java/codestyle.xml/UnnecessaryFullyQualifiedName">
    <priority>3</priority>
  </rule>
</ruleset>

